000001.SZ,20250207,20250212
000002.SZ,20250218,20250221
000007.SZ,20250212,20250217
000008.SZ,20250210,20250214
000011.SZ,20250219,20250224
000012.SZ,20250219,20250224
000019.SZ,20250212,20250217
000027.SZ,20250213,20250218
000031.SZ,20250219,20250224
000035.SZ,20250212,20250217
000050.SZ,20250212,20250217
000055.SZ,20250218,20250221
000059.SZ,20250218,20250221
000060.SZ,20250219,20250224
000078.SZ,20250219,20250224
000088.SZ,20250219,20250224
000089.SZ,20250217,20250224
000090.SZ,20250214,20250219
000100.SZ,20250219,20250224
000166.SZ,20250218,20250224
000301.SZ,20250211,20250214
000402.SZ,20250219,20250224
000407.SZ,20250219,20250224
000415.SZ,20250219,20250224
000420.SZ,20250210,20250213
000422.SZ,20250210,20250213
000428.SZ,20250219,20250224
000488.SZ,20250210,20250217
000498.SZ,20250217,20250220
000504.SZ,20250219,20250224
000505.SZ,20250212,20250217
000507.SZ,20250219,20250224
000509.SZ,20250219,20250224
000510.SZ,20250210,20250213
000514.SZ,20250219,20250224
000518.SZ,20250219,20250224
000521.SZ,20250219,20250224
000523.SZ,20250212,20250217
000525.SZ,20250217,20250220
000529.SZ,20250210,20250217
000537.SZ,20250217,20250224
000539.SZ,20250219,20250224
000543.SZ,20250211,20250214
000546.SZ,20250210,20250217
000548.SZ,20250219,20250224
000552.SZ,20250219,20250224
000553.SZ,20250211,20250214
000554.SZ,20250207,20250212
000558.SZ,20250219,20250224
000559.SZ,20250207,20250212
000563.SZ,20250219,20250224
000564.SZ,20250219,20250224
000570.SZ,20250212,20250217
000572.SZ,20250219,20250224
000589.SZ,20250219,20250224
000591.SZ,20250219,20250224
000592.SZ,20250219,20250224
000593.SZ,20250219,20250224
000597.SZ,20250219,20250224
000598.SZ,20250207,20250214
000599.SZ,20250212,20250217
000601.SZ,20250218,20250224
000605.SZ,20250210,20250217
000608.SZ,20250219,20250224
000617.SZ,20250219,20250224
000625.SZ,20250219,20250224
000629.SZ,20250212,20250217
000630.SZ,20250219,20250224
000631.SZ,20250219,20250224
000633.SZ,20250210,20250213
000637.SZ,20250219,20250224
000639.SZ,20250219,20250224
000650.SZ,20250219,20250224
000652.SZ,20250219,20250224
000656.SZ,20250219,20250224
000659.SZ,20250212,20250217
000663.SZ,20250211,20250214
000669.SZ,20250218,20250221
000672.SZ,20250218,20250221
000683.SZ,20250218,20250221
000685.SZ,20250212,20250217
000690.SZ,20250219,20250224
000701.SZ,20250211,20250214
000707.SZ,20250218,20250221
000709.SZ,20250217,20250224
000711.SZ,20250219,20250224
000713.SZ,20250207,20250214
000718.SZ,20250219,20250224
000720.SZ,20250219,20250224
000723.SZ,20250212,20250217
000725.SZ,20250211,20250214
000726.SZ,20250219,20250224
000727.SZ,20250211,20250214
000729.SZ,20250217,20250220
000731.SZ,20250219,20250224
000751.SZ,20250219,20250224
000752.SZ,20250212,20250217
000755.SZ,20250217,20250220
000757.SZ,20250210,20250213
000758.SZ,20250207,20250212
000767.SZ,20250217,20250224
000776.SZ,20250210,20250213
000778.SZ,20250214,20250219
000789.SZ,20250219,20250224
000790.SZ,20250219,20250224
000791.SZ,20250213,20250218
000796.SZ,20250219,20250224
000797.SZ,20250219,20250224
000800.SZ,20250218,20250221
000802.SZ,20250219,20250224
000809.SZ,20250206,20250211
000820.SZ,20250219,20250224
000822.SZ,20250210,20250217
000825.SZ,20250211,20250218
000828.SZ,20250219,20250224
000830.SZ,20250219,20250224
000839.SZ,20250219,20250224
000848.SZ,20250219,20250224
000850.SZ,20250219,20250224
000863.SZ,20250219,20250224
000875.SZ,20250214,20250219
000877.SZ,20250212,20250217
000878.SZ,20250219,20250224
000881.SZ,20250217,20250220
000883.SZ,20250217,20250224
000885.SZ,20250210,20250213
000897.SZ,20250219,20250224
000898.SZ,20250217,20250224
000900.SZ,20250217,20250224
000906.SZ,20250219,20250224
000911.SZ,20250212,20250217
000927.SZ,20250219,20250224
000928.SZ,20250210,20250213
000930.SZ,20250211,20250214
000931.SZ,20250212,20250217
000932.SZ,20250217,20250220
000937.SZ,20250218,20250221
000950.SZ,20250210,20250213
000953.SZ,20250219,20250224
000955.SZ,20250212,20250217
000958.SZ,20250219,20250224
000959.SZ,20250217,20250224
000965.SZ,20250212,20250217
000966.SZ,20250219,20250224
000967.SZ,20250211,20250214
000968.SZ,20250217,20250224
000978.SZ,20250212,20250217
000980.SZ,20250219,20250224
000981.SZ,20250219,20250224
000983.SZ,20250213,20250218
000989.SZ,20250212,20250217
000990.SZ,20250219,20250224
000993.SZ,20250219,20250224
001203.SZ,20250211,20250214
001213.SZ,20250217,20250224
001217.SZ,20250210,20250213
001218.SZ,20250205,20250210
001227.SZ,20250217,20250224
001236.SZ,20250219,20250224
001239.SZ,20250207,20250212
001258.SZ,20250219,20250224
001286.SZ,20250219,20250224
001896.SZ,20250219,20250224
001914.SZ,20250210,20250213
002004.SZ,20250219,20250224
002005.SZ,20250127,20250211
002014.SZ,20250205,20250210
002015.SZ,20250212,20250217
002023.SZ,20250210,20250213
002024.SZ,20250214,20250221
002029.SZ,20250219,20250224
002035.SZ,20250211,20250214
002037.SZ,20250210,20250213
002040.SZ,20250219,20250224
002048.SZ,20250219,20250224
002060.SZ,20250219,20250224
002061.SZ,20250219,20250224
002062.SZ,20250218,20250221
002081.SZ,20250219,20250224
002083.SZ,20250217,20250224
002091.SZ,20250218,20250221
002092.SZ,20250218,20250224
002096.SZ,20250213,20250218
002097.SZ,20250210,20250213
002099.SZ,20250219,20250224
002100.SZ,20250219,20250224
002107.SZ,20250210,20250213
002108.SZ,20250219,20250224
002109.SZ,20250219,20250224
002110.SZ,20250218,20250221
002111.SZ,20250210,20250213
002114.SZ,20250217,20250224
002116.SZ,20250218,20250221
002121.SZ,20250210,20250213
002124.SZ,20250217,20250224
002128.SZ,20250207,20250212
002132.SZ,20250217,20250224
002136.SZ,20250214,20250219
002141.SZ,20250212,20250217
002148.SZ,20250210,20250213
002154.SZ,20250212,20250217
002157.SZ,20250205,20250212
002160.SZ,20250217,20250220
002162.SZ,20250211,20250214
002165.SZ,20250210,20250213
002168.SZ,20250217,20250224
002172.SZ,20250211,20250214
002177.SZ,20250211,20250214
002188.SZ,20250219,20250224
002191.SZ,20250219,20250224
002197.SZ,20250211,20250214
002204.SZ,20250207,20250212
002206.SZ,20250206,20250211
002207.SZ,20250213,20250218
002210.SZ,20250219,20250224
002217.SZ,20250219,20250224
002218.SZ,20250219,20250224
002224.SZ,20250210,20250213
002226.SZ,20250206,20250211
002228.SZ,20250219,20250224
002233.SZ,20250219,20250224
002239.SZ,20250210,20250217
002242.SZ,20250212,20250217
002247.SZ,20250219,20250224
002249.SZ,20250207,20250212
002251.SZ,20250211,20250214
002252.SZ,20250207,20250212
002256.SZ,20250210,20250213
002259.SZ,20250210,20250213
002263.SZ,20250219,20250224
002266.SZ,20250214,20250221
002267.SZ,20250219,20250224
002269.SZ,20250219,20250224
002274.SZ,20250219,20250224
002285.SZ,20250219,20250224
002289.SZ,20250219,20250224
002293.SZ,20250219,20250224
002300.SZ,20250217,20250224
002303.SZ,20250219,20250224
002305.SZ,20250219,20250224
002309.SZ,20250218,20250221
002310.SZ,20250219,20250224
002314.SZ,20250219,20250224
002316.SZ,20250214,20250219
002317.SZ,20250212,20250217
002320.SZ,20250219,20250224
002323.SZ,20250219,20250224
002329.SZ,20250219,20250224
002332.SZ,20250212,20250217
002333.SZ,20250212,20250217
002340.SZ,20250212,20250217
002342.SZ,20250219,20250224
002344.SZ,20250219,20250224
002349.SZ,20250212,20250217
002357.SZ,20250207,20250212
002360.SZ,20250219,20250224
002365.SZ,20250218,20250221
002370.SZ,20250211,20250214
002381.SZ,20250210,20250213
002385.SZ,20250211,20250214
002386.SZ,20250219,20250224
002388.SZ,20250211,20250218
002391.SZ,20250217,20250224
002392.SZ,20250207,20250212
002394.SZ,20250210,20250213
002395.SZ,20250210,20250213
002407.SZ,20250217,20250224
002408.SZ,20250219,20250224
002419.SZ,20250211,20250214
002424.SZ,20250218,20250221
002425.SZ,20250212,20250219
002427.SZ,20250212,20250217
002437.SZ,20250212,20250217
002440.SZ,20250212,20250217
002443.SZ,20250217,20250220
002452.SZ,20250217,20250224
002454.SZ,20250207,20250212
002471.SZ,20250207,20250212
002476.SZ,20250219,20250224
002478.SZ,20250217,20250224
002479.SZ,20250219,20250224
002482.SZ,20250219,20250224
002483.SZ,20250214,20250219
002485.SZ,20250210,20250213
002492.SZ,20250210,20250213
002493.SZ,20250218,20250221
002498.SZ,20250214,20250221
002500.SZ,20250211,20250214
002506.SZ,20250219,20250224
002510.SZ,20250207,20250212
002511.SZ,20250212,20250217
002522.SZ,20250211,20250218
002523.SZ,20250210,20250213
002528.SZ,20250218,20250221
002531.SZ,20250211,20250214
002535.SZ,20250207,20250212
002537.SZ,20250212,20250217
002538.SZ,20250218,20250221
002539.SZ,20250218,20250221
002540.SZ,20250219,20250224
002545.SZ,20250212,20250217
002548.SZ,20250212,20250217
002554.SZ,20250219,20250224
002556.SZ,20250212,20250217
002560.SZ,20250219,20250224
002563.SZ,20250219,20250224
002564.SZ,20250210,20250213
002565.SZ,20250219,20250224
002567.SZ,20250219,20250224
002569.SZ,20250218,20250221
002570.SZ,20250211,20250214
002578.SZ,20250210,20250217
002586.SZ,20250206,20250211
002588.SZ,20250210,20250213
002589.SZ,20250211,20250214
002590.SZ,20250210,20250213
002592.SZ,20250211,20250214
002596.SZ,20250219,20250224
002601.SZ,20250218,20250221
002603.SZ,20250212,20250217
002606.SZ,20250210,20250213
002608.SZ,20250214,20250219
002613.SZ,20250214,20250219
002614.SZ,20250212,20250217
002616.SZ,20250211,20250214
002627.SZ,20250219,20250224
002638.SZ,20250219,20250224
002641.SZ,20250214,20250219
002650.SZ,20250205,20250210
002651.SZ,20250210,20250213
002652.SZ,20250219,20250224
002658.SZ,20250218,20250221
002662.SZ,20250207,20250212
002663.SZ,20250219,20250224
002668.SZ,20250212,20250217
002671.SZ,20250218,20250221
002672.SZ,20250210,20250213
002677.SZ,20250212,20250217
002682.SZ,20250211,20250214
002686.SZ,20250210,20250213
002687.SZ,20250219,20250224
002688.SZ,20250210,20250214
002689.SZ,20250210,20250213
002697.SZ,20250212,20250217
002701.SZ,20250210,20250213
002702.SZ,20250219,20250224
002712.SZ,20250219,20250224
002716.SZ,20250217,20250220
002718.SZ,20250219,20250224
002721.SZ,20250218,20250221
002726.SZ,20250219,20250224
002728.SZ,20250212,20250217
002746.SZ,20250219,20250224
002758.SZ,20250211,20250214
002783.SZ,20250218,20250221
002788.SZ,20250219,20250224
002790.SZ,20250210,20250217
002806.SZ,20250207,20250212
002807.SZ,20250217,20250220
002809.SZ,20250214,20250219
002839.SZ,20250217,20250224
002863.SZ,20250207,20250212
002872.SZ,20250212,20250217
002909.SZ,20250210,20250217
002936.SZ,20250217,20250224
002939.SZ,20250211,20250214
002948.SZ,20250217,20250220
002958.SZ,20250217,20250224
002961.SZ,20250210,20250213
002966.SZ,20250214,20250219
002968.SZ,20250210,20250213
002986.SZ,20250219,20250224
002998.SZ,20250218,20250221
003012.SZ,20250219,20250224
003018.SZ,20250207,20250212
003035.SZ,20250211,20250214
003036.SZ,20250218,20250221
003037.SZ,20250219,20250224
003816.SZ,20250218,20250221
300008.SZ,20250211,20250214
300013.SZ,20250212,20250217
300018.SZ,20250207,20250212
300025.SZ,20250219,20250224
300026.SZ,20250219,20250224
300027.SZ,20250219,20250224
300039.SZ,20250219,20250224
300048.SZ,20250211,20250214
300055.SZ,20250219,20250224
300066.SZ,20250207,20250214
300070.SZ,20250211,20250214
300072.SZ,20250211,20250214
300080.SZ,20250219,20250224
300083.SZ,20250210,20250213
300088.SZ,20250210,20250213
300094.SZ,20250211,20250214
300097.SZ,20250210,20250213
300098.SZ,20250211,20250214
300099.SZ,20250211,20250214
300111.SZ,20250219,20250224
300117.SZ,20250217,20250220
300128.SZ,20250210,20250213
300129.SZ,20250218,20250224
300132.SZ,20250219,20250224
300137.SZ,20250205,20250210
300140.SZ,20250210,20250213
300141.SZ,20250219,20250224
300158.SZ,20250219,20250224
300160.SZ,20250219,20250224
300163.SZ,20250210,20250213
300164.SZ,20250207,20250212
300165.SZ,20250219,20250224
300172.SZ,20250210,20250213
300181.SZ,20250205,20250210
300185.SZ,20250219,20250224
300187.SZ,20250212,20250217
300190.SZ,20250212,20250217
300194.SZ,20250219,20250224
300208.SZ,20250218,20250221
300217.SZ,20250214,20250219
300221.SZ,20250210,20250213
300230.SZ,20250207,20250212
300259.SZ,20250210,20250213
300261.SZ,20250211,20250214
300267.SZ,20250219,20250224
300283.SZ,20250210,20250213
300300.SZ,20250218,20250224
300301.SZ,20250217,20250224
300317.SZ,20250211,20250214
300329.SZ,20250211,20250214
300332.SZ,20250219,20250224
300335.SZ,20250207,20250212
300343.SZ,20250213,20250218
300345.SZ,20250219,20250224
300368.SZ,20250219,20250224
300385.SZ,20250207,20250212
300388.SZ,20250210,20250213
300393.SZ,20250212,20250217
300400.SZ,20250207,20250212
300401.SZ,20250219,20250224
300405.SZ,20250210,20250213
300419.SZ,20250212,20250219
300422.SZ,20250207,20250214
300462.SZ,20250211,20250217
300477.SZ,20250218,20250221
300481.SZ,20250207,20250212
300490.SZ,20250211,20250214
300501.SZ,20250207,20250212
300506.SZ,20250217,20250220
300509.SZ,20250207,20250212
300512.SZ,20250207,20250212
300543.SZ,20250207,20250212
300569.SZ,20250211,20250214
300575.SZ,20250214,20250219
300587.SZ,20250212,20250217
300589.SZ,20250210,20250213
300593.SZ,20250210,20250213
300600.SZ,20250211,20250214
300664.SZ,20250212,20250217
300732.SZ,20250210,20250213
300737.SZ,20250219,20250224
300774.SZ,20250212,20250217
300903.SZ,20250210,20250213
300931.SZ,20250207,20250212
300958.SZ,20250210,20250213
300983.SZ,20250211,20250214
301025.SZ,20250212,20250217
301037.SZ,20250218,20250221
301090.SZ,20250212,20250217
301125.SZ,20250207,20250212
301136.SZ,20250210,20250213
301175.SZ,20250212,20250217
301192.SZ,20250210,20250213
301216.SZ,20250211,20250214
301276.SZ,20250212,20250217
301395.SZ,20250207,20250212
301526.SZ,20250211,20250214
600000.SH,20250212,20250217
600004.SH,20250219,20250224
600008.SH,20250217,20250224
600010.SH,20250212,20250217
600011.SH,20250211,20250214
600015.SH,20250217,20250220
600016.SH,20250217,20250220
600017.SH,20250219,20250224
600018.SH,20250214,20250219
600020.SH,20250217,20250220
600021.SH,20250207,20250212
600022.SH,20250217,20250224
600023.SH,20250207,20250214
600025.SH,20250218,20250221
600027.SH,20250211,20250214
600028.SH,20250212,20250217
600029.SH,20250212,20250217
600032.SH,20250211,20250214
600033.SH,20250206,20250211
600035.SH,20250217,20250220
600052.SH,20250219,20250224
600056.SH,20250219,20250224
600057.SH,20250211,20250214
600058.SH,20250212,20250217
600059.SH,20250219,20250224
600061.SH,20250211,20250214
600063.SH,20250212,20250217
600064.SH,20250219,20250224
600067.SH,20250217,20250224
600073.SH,20250219,20250224
600075.SH,20250217,20250224
600076.SH,20250219,20250224
600078.SH,20250212,20250217
600082.SH,20250210,20250217
600084.SH,20250212,20250217
600089.SH,20250211,20250214
600095.SH,20250211,20250214
600098.SH,20250219,20250224
600101.SH,20250219,20250224
600103.SH,20250219,20250224
600106.SH,20250212,20250217
600108.SH,20250211,20250214
600115.SH,20250218,20250221
600116.SH,20250219,20250224
600117.SH,20250219,20250224
600121.SH,20250219,20250224
600123.SH,20250218,20250221
600125.SH,20250219,20250224
600127.SH,20250210,20250213
600136.SH,20250207,20250214
600138.SH,20250210,20250213
600152.SH,20250210,20250213
600156.SH,20250207,20250212
600157.SH,20250219,20250224
600158.SH,20250212,20250217
600166.SH,20250219,20250224
600167.SH,20250219,20250224
600168.SH,20250210,20250217
600169.SH,20250212,20250217
600170.SH,20250219,20250224
600177.SH,20250217,20250220
600179.SH,20250213,20250218
600180.SH,20250219,20250224
600190.SH,20250217,20250224
600195.SH,20250219,20250224
600201.SH,20250219,20250224
600202.SH,20250218,20250224
600207.SH,20250212,20250217
600208.SH,20250213,20250219
600219.SH,20250219,20250224
600221.SH,20250219,20250224
600223.SH,20250219,20250224
600226.SH,20250212,20250217
600231.SH,20250219,20250224
600236.SH,20250219,20250224
600248.SH,20250214,20250219
600251.SH,20250218,20250221
600252.SH,20250219,20250224
600257.SH,20250219,20250224
600268.SH,20250214,20250219
600269.SH,20250212,20250217
600273.SH,20250219,20250224
600278.SH,20250219,20250224
600279.SH,20250219,20250224
600282.SH,20250218,20250221
600284.SH,20250217,20250224
600287.SH,20250219,20250224
600293.SH,20250219,20250224
600300.SH,20250219,20250224
600303.SH,20250210,20250213
600305.SH,20250219,20250224
600307.SH,20250217,20250224
600308.SH,20250219,20250224
600313.SH,20250211,20250214
600320.SH,20250211,20250214
600328.SH,20250219,20250224
600333.SH,20250210,20250213
600335.SH,20250219,20250224
600339.SH,20250219,20250224
600340.SH,20250219,20250224
600351.SH,20250219,20250224
600352.SH,20250211,20250214
600353.SH,20250210,20250213
600354.SH,20250210,20250213
600356.SH,20250219,20250224
600358.SH,20250212,20250217
600360.SH,20250207,20250212
600361.SH,20250212,20250217
600365.SH,20250217,20250220
600369.SH,20250210,20250217
600377.SH,20250210,20250213
600382.SH,20250219,20250224
600395.SH,20250219,20250224
600396.SH,20250207,20250214
600399.SH,20250207,20250212
600400.SH,20250219,20250224
600403.SH,20250212,20250217
600409.SH,20250217,20250220
600419.SH,20250212,20250217
600420.SH,20250205,20250210
600425.SH,20250217,20250224
600428.SH,20250218,20250224
600429.SH,20250219,20250224
600433.SH,20250219,20250224
600448.SH,20250207,20250214
600461.SH,20250218,20250221
600469.SH,20250207,20250212
600470.SH,20250211,20250214
600478.SH,20250217,20250220
600483.SH,20250212,20250217
600488.SH,20250219,20250224
600496.SH,20250217,20250224
600497.SH,20250217,20250224
600499.SH,20250211,20250214
600500.SH,20250219,20250224
600502.SH,20250217,20250224
600507.SH,20250212,20250219
600510.SH,20250210,20250213
600512.SH,20250217,20250224
600515.SH,20250217,20250224
600517.SH,20250212,20250217
600518.SH,20250219,20250224
600525.SH,20250214,20250219
600527.SH,20250210,20250213
600528.SH,20250214,20250219
600530.SH,20250127,20250207
600531.SH,20250218,20250221
600533.SH,20250219,20250224
600537.SH,20250219,20250224
600540.SH,20250211,20250214
600551.SH,20250219,20250224
600558.SH,20250205,20250210
600561.SH,20250211,20250214
600567.SH,20250219,20250224
600568.SH,20250217,20250224
600569.SH,20250219,20250224
600572.SH,20250219,20250224
600573.SH,20250218,20250221
600575.SH,20250210,20250213
600578.SH,20250219,20250224
600581.SH,20250218,20250221
600582.SH,20250210,20250213
600583.SH,20250207,20250212
600586.SH,20250219,20250224
600594.SH,20250219,20250224
600597.SH,20250218,20250221
600598.SH,20250207,20250212
600606.SH,20250219,20250224
600616.SH,20250212,20250217
600617.SH,20250219,20250224
600618.SH,20250217,20250220
600623.SH,20250219,20250224
600626.SH,20250219,20250224
600636.SH,20250211,20250214
600638.SH,20250219,20250224
600642.SH,20250206,20250211
600643.SH,20250212,20250217
600644.SH,20250219,20250224
600653.SH,20250219,20250224
600655.SH,20250219,20250224
600664.SH,20250219,20250224
600667.SH,20250207,20250212
600668.SH,20250219,20250224
600674.SH,20250218,20250221
600675.SH,20250219,20250224
600681.SH,20250217,20250224
600683.SH,20250212,20250217
600688.SH,20250217,20250224
600691.SH,20250219,20250224
600704.SH,20250219,20250224
600705.SH,20250219,20250224
600706.SH,20250211,20250214
600707.SH,20250217,20250220
600708.SH,20250219,20250224
600711.SH,20250218,20250221
600713.SH,20250219,20250224
600715.SH,20250219,20250224
600716.SH,20250219,20250224
600717.SH,20250219,20250224
600719.SH,20250211,20250214
600724.SH,20250219,20250224
600725.SH,20250219,20250224
600726.SH,20250219,20250224
600731.SH,20250219,20250224
600735.SH,20250212,20250217
600740.SH,20250219,20250224
600742.SH,20250217,20250220
600744.SH,20250219,20250224
600746.SH,20250214,20250219
600751.SH,20250219,20250224
600755.SH,20250210,20250213
600757.SH,20250219,20250224
600758.SH,20250213,20250218
600759.SH,20250219,20250224
600773.SH,20250218,20250221
600777.SH,20250210,20250217
600780.SH,20250212,20250217
600784.SH,20250213,20250218
600787.SH,20250219,20250224
600790.SH,20250219,20250224
600792.SH,20250219,20250224
600794.SH,20250211,20250214
600795.SH,20250218,20250221
600796.SH,20250212,20250217
600798.SH,20250217,20250224
600801.SH,20250219,20250224
600802.SH,20250219,20250224
600815.SH,20250212,20250217
600816.SH,20250219,20250224
600819.SH,20250219,20250224
600820.SH,20250210,20250213
600821.SH,20250217,20250220
600844.SH,20250219,20250224
600847.SH,20250218,20250221
600848.SH,20250210,20250213
600851.SH,20250219,20250224
600853.SH,20250210,20250217
600854.SH,20250210,20250217
600863.SH,20250205,20250210
600867.SH,20250210,20250213
600869.SH,20250206,20250211
600871.SH,20250217,20250224
600874.SH,20250218,20250221
600876.SH,20250211,20250214
600877.SH,20250207,20250212
600880.SH,20250219,20250224
600901.SH,20250212,20250217
600903.SH,20250213,20250218
600905.SH,20250217,20250224
600906.SH,20250211,20250214
600908.SH,20250217,20250220
600909.SH,20250210,20250217
600916.SH,20250205,20250210
600917.SH,20250219,20250224
600918.SH,20250212,20250217
600919.SH,20250210,20250213
600925.SH,20250219,20250224
600928.SH,20250217,20250224
600929.SH,20250219,20250224
600935.SH,20250219,20250224
600936.SH,20250219,20250224
600939.SH,20250210,20250217
600956.SH,20250219,20250224
600958.SH,20250211,20250214
600966.SH,20250219,20250224
600968.SH,20250218,20250221
600969.SH,20250211,20250214
600970.SH,20250211,20250214
600975.SH,20250206,20250211
600982.SH,20250219,20250224
600987.SH,20250207,20250212
600997.SH,20250219,20250224
600998.SH,20250210,20250213
601000.SH,20250212,20250217
601003.SH,20250217,20250224
601005.SH,20250217,20250224
601006.SH,20250217,20250220
601008.SH,20250219,20250224
601009.SH,20250206,20250211
601015.SH,20250219,20250224
601016.SH,20250219,20250224
601018.SH,20250219,20250224
601022.SH,20250217,20250220
601033.SH,20250219,20250224
601061.SH,20250219,20250224
601065.SH,20250219,20250224
601068.SH,20250211,20250218
601077.SH,20250213,20250220
601083.SH,20250219,20250224
601096.SH,20250219,20250224
601106.SH,20250210,20250217
601107.SH,20250214,20250219
601113.SH,20250219,20250224
601117.SH,20250210,20250213
601121.SH,20250218,20250224
601128.SH,20250217,20250220
601139.SH,20250214,20250219
601158.SH,20250219,20250224
601169.SH,20250217,20250220
601186.SH,20250212,20250217
601187.SH,20250211,20250214
601188.SH,20250219,20250224
601199.SH,20250219,20250224
601200.SH,20250218,20250221
601212.SH,20250219,20250224
601218.SH,20250219,20250224
601222.SH,20250213,20250220
601228.SH,20250219,20250224
601229.SH,20250206,20250211
601236.SH,20250211,20250214
601238.SH,20250218,20250221
601288.SH,20250218,20250221
601311.SH,20250218,20250221
601319.SH,20250211,20250214
601326.SH,20250217,20250224
601328.SH,20250218,20250221
601330.SH,20250219,20250224
601333.SH,20250219,20250224
601339.SH,20250219,20250224
601366.SH,20250219,20250224
601368.SH,20250210,20250217
601369.SH,20250214,20250219
601375.SH,20250212,20250217
601377.SH,20250212,20250217
601388.SH,20250210,20250217
601390.SH,20250213,20250218
601399.SH,20250211,20250218
601512.SH,20250206,20250211
601515.SH,20250219,20250224
601518.SH,20250217,20250224
601528.SH,20250218,20250221
601568.SH,20250217,20250224
601577.SH,20250214,20250219
601579.SH,20250219,20250224
601588.SH,20250219,20250224
601598.SH,20250219,20250224
601608.SH,20250211,20250218
601609.SH,20250207,20250212
601611.SH,20250219,20250224
601616.SH,20250210,20250213
601618.SH,20250219,20250224
601619.SH,20250217,20250224
601636.SH,20250218,20250221
601658.SH,20250212,20250217
601665.SH,20250212,20250217
601666.SH,20250211,20250214
601668.SH,20250217,20250220
601669.SH,20250213,20250218
601678.SH,20250219,20250224
601686.SH,20250214,20250221
601699.SH,20250219,20250224
601700.SH,20250214,20250219
601718.SH,20250219,20250224
601778.SH,20250212,20250217
601816.SH,20250217,20250220
601818.SH,20250218,20250221
601825.SH,20250217,20250220
601827.SH,20250214,20250221
601828.SH,20250219,20250224
601860.SH,20250217,20250224
601866.SH,20250219,20250224
601868.SH,20250214,20250221
601880.SH,20250217,20250224
601886.SH,20250219,20250224
601890.SH,20250219,20250224
601901.SH,20250211,20250214
601908.SH,20250219,20250224
601916.SH,20250217,20250224
601939.SH,20250217,20250220
601952.SH,20250211,20250214
601956.SH,20250213,20250218
601958.SH,20250205,20250210
601968.SH,20250218,20250224
601969.SH,20250219,20250224
601975.SH,20250217,20250224
601988.SH,20250212,20250217
601989.SH,20250213,20250218
601990.SH,20250211,20250214
601991.SH,20250217,20250224
601992.SH,20250217,20250224
601996.SH,20250219,20250224
601997.SH,20250218,20250221
601998.SH,20250218,20250221
603012.SH,20250207,20250212
603023.SH,20250217,20250220
603041.SH,20250214,20250219
603053.SH,20250219,20250224
603060.SH,20250210,20250213
603077.SH,20250219,20250224
603080.SH,20250207,20250212
603113.SH,20250219,20250224
603116.SH,20250210,20250213
603137.SH,20250218,20250221
603156.SH,20250210,20250213
603158.SH,20250210,20250213
603162.SH,20250217,20250220
603167.SH,20250219,20250224
603169.SH,20250207,20250212
603176.SH,20250219,20250224
603181.SH,20250205,20250210
603182.SH,20250207,20250212
603183.SH,20250219,20250224
603188.SH,20250211,20250214
603276.SH,20250212,20250217
603289.SH,20250214,20250219
603313.SH,20250212,20250217
603318.SH,20250210,20250213
603323.SH,20250213,20250218
603333.SH,20250219,20250224
603363.SH,20250217,20250224
603368.SH,20250219,20250224
603377.SH,20250219,20250224
603378.SH,20250214,20250219
603393.SH,20250207,20250212
603500.SH,20250210,20250213
603557.SH,20250213,20250219
603565.SH,20250217,20250220
603588.SH,20250212,20250217
603601.SH,20250210,20250217
603609.SH,20250219,20250224
603628.SH,20250213,20250218
603689.SH,20250219,20250224
603701.SH,20250207,20250212
603718.SH,20250206,20250211
603725.SH,20250207,20250212
603726.SH,20250207,20250212
603787.SH,20250207,20250212
603797.SH,20250219,20250224
603801.SH,20250219,20250224
603811.SH,20250210,20250213
603828.SH,20250218,20250221
603889.SH,20250217,20250224
603916.SH,20250214,20250219
603928.SH,20250210,20250213
603936.SH,20250211,20250214
603967.SH,20250218,20250221
603969.SH,20250219,20250224
603980.SH,20250210,20250213
603993.SH,20250219,20250224
603998.SH,20250219,20250224
603999.SH,20250212,20250217
605050.SH,20250210,20250213
605055.SH,20250217,20250224
605056.SH,20250207,20250212
605138.SH,20250217,20250224
605162.SH,20250219,20250224
605169.SH,20250205,20250210
605177.SH,20250210,20250213
605222.SH,20250210,20250213
605339.SH,20250211,20250214
605368.SH,20250211,20250214
605388.SH,20250219,20250224
605500.SH,20250210,20250213
688009.SH,20250214,20250221
688033.SH,20250211,20250214
688101.SH,20250210,20250213
688119.SH,20250217,20250224
688148.SH,20250214,20250219
688319.SH,20250206,20250211
688335.SH,20250210,20250213
688370.SH,20250207,20250212
688373.SH,20250212,20250217
688387.SH,20250211,20250214
688425.SH,20250218,20250221
688459.SH,20250217,20250220
688469.SH,20250207,20250212
688485.SH,20250207,20250212
688501.SH,20250207,20250212
688538.SH,20250212,20250217
688573.SH,20250212,20250217
688585.SH,20250210,20250213
688586.SH,20250210,20250213
688602.SH,20250211,20250214
688616.SH,20250210,20250213
688701.SH,20250219,20250224
688779.SH,20250217,20250220
