000410.SZ,20250213,20250217
000679.SZ,20250213,20250217
001391.SZ,20250213,20250217
002117.SZ,20250213,20250217
002272.SZ,20250218,20250220
002292.SZ,20250213,20250217
002520.SZ,20250213,20250217
300046.SZ,20250213,20250217
300260.SZ,20250213,20250217
300607.SZ,20250213,20250217
300776.SZ,20250220,20250224
301596.SZ,20250213,20250217
601020.SH,20250214,20250218
688347.SH,20250213,20250217
688410.SH,20250212,20250214
688981.SH,20250213,20250217
831152.BJ,20250219,20250221
835179.BJ,20250213,20250217
871553.BJ,20250213,20250217
